Main Theme,Sub Theme,Ticker,Preis,52W High,52W Low,Name,Description,PE,Forward PE,Revenue Growth,Earnings Growth,Profit Margin,Market Cap,3M Momentum,1M Momentum,20D Momentum,MA50,MA200,MA50 Abstand,MA200 Abstand,Preis ueber MA50,Preis ueber MA200,Volume,Avg Volume,Volume Ratio,Trend Score,Momentum
AI / Tech,AI Compute,000660.KS,1841000.0,2986352.5777339735,382871.3931731985,SK hynix,"SK hynix Inc. through its subsidiaries, engages in research, develops, manufactures, distributes, and sells semiconductor devices in Korea, China, rest of Asia, the United States, Europe, and internationally. It offers DRAM, such as server memory, graphics memory, mobile memory, PC memory, consumer memory; NAND flash memory; SSD; and MCP products. It also engages in foundry business, produces non-memory semiconductors. The company serves its products for server, networking, mobile, personal computer, consumer, and automotive applications. The company was formerly known as Hynix Semiconductor Inc. and changed its name to SK hynix Inc. in March 2012. SK hynix Inc. was incorporated in 1949 and is headquartered in Icheon-si, South Korea.",,3.9148088,2.568,12.724,0.85619,1306842852491264.0,-0.16,0.14,0.15,1684917.98,1417721.04,0.09,0.3,True,True,2032332.0,3181726.0,0.64,0.56,0.12
AI / Tech,AI Compute,005930.KS,276000.0,374087.44831391243,87991.53500174095,SamsungElec,"Samsung Electronics Co., Ltd. engages in the consumer electronics, information technology and mobile communications, and device solutions businesses worldwide. The company operates through four divisions: Device eXperience (DX), Device Solutions (DS), SDC, and Harman. The company offers smartphones, tablets, audio sounds, watches, switches, and accessories; TVs, and sound devices; appliances, including refrigerators, washing machines and dryers, vacuum cleaners, cooking appliances, dishwashers, air conditioners, and air purifiers; monitors and memory storage products; displays, and smart and LED signages; and other accessories. It also engages in venture capital investments, cloud services, network devices installation, semiconductor equipment services, digital advertising platforms, marketing, consulting, connected services provider, logistics, financing, and software design activities. In addition, the company provides toll processing and sales of semiconductors and display panels; development and sale of network solutions; manufacture of semiconductors and food; the provision of repair services for electronic devices; and development and supply of semiconductor process defect and quality control software, as well as digital televisions, foundry, system large scale integration (LSI). Further, it provides connected car systems, audio and visual products, enterprise automation solutions, and connected services. The company operates an industrial space. Samsung Electronics Co., Ltd. was incorporated in 1969 and is based in Suwon-si, South Korea.",,3.9094155,1.3,11.917,0.30842,1812371509084160.0,-0.03,0.1,0.1,256630.0,226356.61,0.08,0.22,True,True,11501250.0,16612227.0,0.69,0.66,0.31
AI / Tech,Semiconductor Materials,SKYT,32.459999084472656,32.459999084472656,32.459999084472656,"SkyWater Technology, Inc.","SkyWater Technology, Inc. bietet zusammen mit seinen Tochtergesellschaften Halbleiterfertigungsdienstleistungen in den Vereinigten Staaten an. Das Unternehmen ist in zwei Segmenten tätig: Legacy SkyWater und SkyWater Texas. Das Unternehmen bietet Gießereidienstleistungen an; fortschrittliche Technologiedienstleistungen (ATS); Wafer-Herstellungsdienstleistungen für Analog-, Mixed-Signal-, MEMS- und Spezial-CMOS-Geräte; und fortschrittliche Halbleiterverpackung. Das Unternehmen bedient die Bereiche Quantencomputing, Luft- und Raumfahrt und Verteidigung, Automobil, Biogesundheit und Industrie. SkyWater Technology, Inc. wurde 2016 gegründet und hat seinen Hauptsitz in Bloomington, Minnesota.",13.871795,-249.6923,1.648,,0.184,1597181312.0,,,,,,,,,,0.0,0.0,,,
AI / Tech,Semiconductor Materials,000660.KS,1841000.0,2986352.5777339735,382871.33249051834,SK hynix,"SK hynix Inc. through its subsidiaries, engages in research, develops, manufactures, distributes, and sells semiconductor devices in Korea, China, rest of Asia, the United States, Europe, and internationally. It offers DRAM, such as server memory, graphics memory, mobile memory, PC memory, consumer memory; NAND flash memory; SSD; and MCP products. It also engages in foundry business, produces non-memory semiconductors. The company serves its products for server, networking, mobile, personal computer, consumer, and automotive applications. The company was formerly known as Hynix Semiconductor Inc. and changed its name to SK hynix Inc. in March 2012. SK hynix Inc. was incorporated in 1949 and is headquartered in Icheon-si, South Korea.",,3.9148088,2.568,12.724,0.85619,1306842852491264.0,-0.16,0.14,0.15,1684917.98,1417721.04,0.09,0.3,True,True,2032332.0,3181726.0,0.64,0.56,0.12
AI / Tech,Semiconductor Materials,005930.KS,276000.0,374087.44831391243,87991.53500174095,SamsungElec,"Samsung Electronics Co., Ltd. engages in the consumer electronics, information technology and mobile communications, and device solutions businesses worldwide. The company operates through four divisions: Device eXperience (DX), Device Solutions (DS), SDC, and Harman. The company offers smartphones, tablets, audio sounds, watches, switches, and accessories; TVs, and sound devices; appliances, including refrigerators, washing machines and dryers, vacuum cleaners, cooking appliances, dishwashers, air conditioners, and air purifiers; monitors and memory storage products; displays, and smart and LED signages; and other accessories. It also engages in venture capital investments, cloud services, network devices installation, semiconductor equipment services, digital advertising platforms, marketing, consulting, connected services provider, logistics, financing, and software design activities. In addition, the company provides toll processing and sales of semiconductors and display panels; development and sale of network solutions; manufacture of semiconductors and food; the provision of repair services for electronic devices; and development and supply of semiconductor process defect and quality control software, as well as digital televisions, foundry, system large scale integration (LSI). Further, it provides connected car systems, audio and visual products, enterprise automation solutions, and connected services. The company operates an industrial space. Samsung Electronics Co., Ltd. was incorporated in 1969 and is based in Suwon-si, South Korea.",,3.9094155,1.3,11.917,0.30842,1812371509084160.0,-0.03,0.1,0.1,256630.0,226356.61,0.08,0.22,True,True,11501250.0,16612227.0,0.69,0.66,0.31
AI / Tech,Robotics & Automation,6954.T,6075.0,8880.0,4056.127114548091,FANUC CORPORATION,"Fanuc Corporation engages in the development, manufacture, sale, and maintenance services of products used in automated production systems in Japan, the United States, Europe, China, the rest of Asia, and internationally. It offers CNC series, robots, and robomachine products, such as, compact machining centers, electric injection molding machines, wire electrical discharge machines; and field system basic package, and AI servo monitors, as well as servo motors, lasers. The company was incorporated in 1950 and is headquartered in Yamanashi, Japan.",34.012653,35.093292,0.177,0.347,0.20131999,5644894601216.0,-0.18,0.01,0.06,6186.6,6528.72,-0.02,-0.07,False,False,3569200.0,4668310.0,0.76,0.42,-0.16
Healthcare,Pharma,RHHBY,52.22999954223633,58.98337105702357,38.84081777287158,Roche Holding Ltd,"Roche Holding AG engages in the pharmaceuticals and diagnostics businesses in Europe, North America, Latin America, Asia, Africa, Australia, and New Zealand. The company offers pharma solutions in the therapeutic areas of anaemia, blood and solid tumors, dermatology, haematology, infectious diseases, inflammatory and autoimmune, neurological disorders, ophthalmology, respiratory disorders, and transplantation. It also provides in vitro tests for the diagnosis of various diseases, such as cancer, diabetes, Covid-19, hepatitis, human papillomavirus, and others; diagnostic instruments; and digital health solutions. Roche Holding AG has a collaboration agreement with Excalipoint Therapeutics to evaluate EXP011 in DLL3-expressing solid tumors. The company was founded in 1896 and is based in Basel, Switzerland.",22.708696,15.482896,-0.012,-0.077,0.19601999,332920651776.0,0.0,-0.05,-0.05,55.1,52.69,-0.05,-0.01,False,False,81828.0,1382801.0,0.06,0.66,0.33
Finance,Banks,8306.T,3544.0,3763.8133001566,2160.36854812605,MITSUBISHI UFJ FINANCIAL GROUP ,"Mitsubishi UFJ Financial Group, Inc., together with its subsidiaries, provides various financial products and services in Japan, the United States, Europe, the Middle East, Asia, Oceania, and internationally. It operates through seven segments: Retail and Digital Business; Corporate and Wealth Management Business; Corporate Banking Business; Global Commercial Banking Business; Asset Management Business; Global CIB Business; and Market Business. The company offers retail, commercial, digital, corporate, and investment banking; wealth management; loans; settlement services; merger and acquisition; asset management; investor services; pensions; consulting services; bonds; forex and derivatives; equities; market trading; liabilities; treasury and other related operations; and liquidity and cash flow management services. It is also involved in trust banking; securities; leasing; venture capital; renewable energy; factoring; research; software development; information processing and technology; SR and IR support; investment trust and real estate asset management; investment advising; real estate brokering; credit solution business; credit and prepaid cards; loan guarantees; agency services for credit purchases; and servicer activities. The company was formerly known as Mitsubishi Tokyo Financial Group Inc. and changed its name to Mitsubishi UFJ Financial Group, Inc. in October 2005. Mitsubishi UFJ Financial Group, Inc. was founded in 1880 and is headquartered in Chiyoda, Japan.",14.989638,23.36498,0.288,0.509,0.27446,39890431508480.0,0.11,-0.03,-0.03,3585.83,3024.85,-0.01,0.17,False,True,37659600.0,43345550.0,0.87,0.86,0.73
Finance,Asset Management,VCNX,1.0099999904632568,1.5,0.3100000023841858,"Vaccinex, Inc.","Vaccinex, Inc., a clinical-stage biotechnology company, engages in the discovery and development of targeted biotherapeutics to treat cancer, neurodegenerative diseases, and autoimmune disorders. The company's lead drug candidate is pepinemab, a humanized monoclonal antibody that binds and blocks the activity of SEMA4D. It is developing Pepinemab, which is in phase 2 clinical for the treatment of Alzheimer's disease and has completed phase 2 study for the treatment of Huntington's disease; Pepinemab in combination with Pembrolizumab in phase 2 study for head and neck cancer; Pepinemab in combination with Avelumab in phase 2 study for pancreatic cancer, and completed phase 2 clinical trial with Avelumab for non-small cell lung cancer; and Pepinemab in combination with Nivolumab and/or Ipilimumab which is in phase 2 clinical trial for melanoma; Pepinemab in combination with Trastuzumab and dendritic cell vaccines in phase 2 clinical trial for breast cancer. The company has also developed ActivMAb, a human antibody discovery platform based on a novel method for expressing and presenting complex multipass membrane proteins, as well as full-length human monoclonal antibodies on the surface of mammalian pox viruses. In addition, it develops CHS-114 and anti-CCR8 antibody; and VX5, which is in preclinical development to treat related to autoimmune disorders.It has collaborations with Merck Sharp & Dohme; Ares Trading S.A.; Emory University; Huntington Study Group; Catalent Pharma Solutions, LLC; and Surface Oncology, Inc. The company was incorporated in 2001 and is headquartered in Rochester, New York.",,-7.214286,,,0.0,2703403.0,-0.1,0.35,0.35,1.01,1.03,0.0,-0.02,True,False,101.0,990.0,0.1,0.59,0.18
Consumer & Retail,Luxury & Brands,BURBY,13.449999809265137,18.549999237060547,13.15999984741211,Burberry Group Plc,"Burberry Group plc, together with its subsidiaries, engages in manufacturing, retail, and wholesale of luxury goods under the Burberry brand in the Asia Pacific, China, Europe, the Middle East, India, Africa, and the Americas. The company operates in two segments, Retail/Wholesale and Licensing. It offers accessories, womenswear, menswear, childrenswear, and others, as well as eyewear and beauty, and bags. The company also licenses third parties to manufacture and distribute products using the Burberry trademarks. It sells its products through operated stores, concessions, outlets, digital commerce, Burberry franchisees, department stores, multi-brand specialty accounts, and through the Burberry.com website. Burberry Group plc was founded in 1856 and is headquartered in London, the United Kingdom.",168.125,19.086178,0.009,,0.00868,4818008064.0,-0.09,-0.09,-0.1,14.53,15.28,-0.07,-0.12,False,False,10258.0,55213.0,0.19,0.05,-0.89
Consumer & Retail,Luxury & Brands,ADDYY,81.12000274658203,115.83709284689574,73.81178968912785,adidas AG,"adidas AG, together with its subsidiaries, designs, develops, produces, and markets a range of athletic and sports lifestyle products in Europe, Greater China, Japan, South Korea, Latin America, North America, and internationally. The company offers footwear and apparel, as well as accessories and gear, including bags, balls, sunglasses, and fitness equipment under the adidas brand; golf footwear and apparel under the adidas Golf brand; and outdoor footwear under the Five Ten brand. It sells its products through its own retail stores, mono-branded franchise stores, shop-in-shops, joint ventures with retail partners, and co-branded stores, as well as through its wholesale and e-commerce platforms. The company was formerly known as adidas-Salomon AG and changed its name to adidas AG in June 2006. adidas AG was founded in 1920 and is headquartered in Herzogenaurach, Germany.",18.311514,13.165219,0.133,-0.024,0.052950002,28402202624.0,-0.24,-0.06,-0.06,88.5,89.59,-0.08,-0.09,False,False,8226.0,78096.0,0.11,0.17,-0.65
Consumer & Retail,Food & Beverages,NESN.SW,74.77999877929688,87.08999633789062,67.53248258631847,NESTLE N,"Nestlé S.A., together with its subsidiaries, manufactures and distributes food and beverage, and nutritional science products in the United States, Brazil, Mexico, Greater China, the Philippines, India, the United Kingdom, France, Germany, Switzerland, and internationally. The company offers cereals, chocolate and confectionery, coffee, culinary, chilled and frozen food, dairy, drinks, food service, ice cream, nutrition and health, petcare, water, plant-based portfolio, and recipe products. It sells its products under the Nesquik Cereal, Fitness, Cheerios, Lion Cereals, Cini Minis, KitKat Cereal, Chocapic, Koko Krunch, Shreddies, Shredded Wheat Original, Corn Flakes, Trix Cereal, Aero, Baci Perugina, KitKat, Milkybar, Smarties, Cailler, Quality Street, Garoto, Nestlé Toll House, Munch, Damak, Hsu Fu Chi, Sahne Nuss, Nestlé Sustainably Sourced Cocoa, Blue Bottle Coffee, Nescafé, Nescafé Dolce Gusto, Nespresso, Starbucks Coffee At Home, DiGiorno, Garden Gourmet, Maggi, Thomy, Stouffer's, Hot Pockets, Lean Cuisine, Life Cuisine, Buitoni, Nestlé carnation, Nestlé Coffee Mate, and Nestea brands. The company also offers its products under the Roastelier by Nescafé, Plant-based and so good!, Milo, Chef, Maggi Professional, La Lechera, Minor's, Antica Gelateria Del Corso, Drumstick, Extrême, Häagen-Dazs, Maxibon, Mövenpick, Nancare, Gerber, Cerelac, Nestum, Alfaré HMO, Athéra HMO, Alfamino HMO, Bear Brand, Nido, Orgain, Nestlé Vital, Garden of Life, Pure Encapsulations, Solgar, Compleat, Impact, Peptamen, Vitaflo, Resource, Cat Chow, Dentalife, Dog Chow, Fancy Feast, Felix, Friskies, Gourmet, Purina, Purina ONE, Purina Pro Plan, Purina Pro Plan Veterinary Diets, Acqua Panna, Nestlé Pure Life, Perrier, S.Pellegrino, Sanpellegrino, Buxton, Erikli, Levissima, Vittel, Contrex, HENNIEZ, Hépar, La Vie, Naleczowianka, and Essentia brands. The company was founded in 1866 and is headquartered in Vevey, Switzerland. Aimmune Therapeutics, Inc. operates as a subsidiary of Nestlé S.A.",25.965277,15.548361,-0.025,-0.315,0.083809994,192350601216.0,-0.11,-0.05,-0.05,78.96,77.72,-0.05,-0.04,False,False,3307454.0,3331540.0,0.99,0.37,-0.26
Consumer & Retail,Food & Beverages,HEINY,39.25,46.33900723203043,36.02631569979402,Heineken N.V.,"Heineken N.V. brews and sells beer and cider in Europe, the Americas, Africa, the Middle East, and the Asia Pacific. The company also provides soft drinks. It sells its products under the Heineken, Heineken 0.0, Heineken Silver, Amstel, Moretti, Tiger, Desperados, Edelweiss, Lagunitas, Orchard Thieves, Windhoek, Dos Equis, Red Stripe, Kingfisher, Bintang, Gosser, Affligem, Mort Subite, Strongbow, Stassen, Bulmers, Old Mout, Savanna, Turbo King, Tecate, Lagunitas Hoppy Refresher, Bia Viet, Tiger Crystal, Birra Moretti, Harar, Cruzcampo, Bernini, Legend Stout, Beavertown, Stëlz, Texels, Ladrón, Bandida, Stibitzer, El Aguila, and Murphy's brands. In addition, the company engages in rental of pubs and bars; wholesale activities; and pub management and technical services. The company offers its products to retailers, wholesalers and distributors, bars, restaurants, clubs, cafes, and hotels. Heineken N.V. was incorporated in 1864 and is headquartered in Amsterdam, the Netherlands. Heineken N.V. is a subsidiary of Heineken Holding N.V.",16.918104,11.947849,0.047,0.541,0.07704,43476860928.0,-0.09,-0.07,-0.07,42.27,40.6,-0.07,-0.03,False,False,8694.0,78505.0,0.11,0.31,-0.37
Consumer & Retail,Gaming & Entertainment,EA,209.6999969482422,209.97999572753906,209.6999969482422,Electronic Arts Inc.,"Electronic Arts Inc. entwickelt, vermarktet, veröffentlicht und liefert weltweit Spiele, Inhalte und Dienste für Spielekonsolen, PCs und Mobiltelefone. Es entwickelt und veröffentlicht Spiele und Erlebnisse in verschiedenen Genres wie Sport, Rennsport, Ego-Shooter, Action, Rollenspiel und Simulation. und Live-Service-Angebote, einschließlich zusätzlicher Inhalte und Abonnementangebote über seine globalen Football- und American-Football-Franchises, wie EA SPORTS College Football und EA SPORTS Madden NFL, sowie basierend auf seinem IP, bestehend aus Die Sims, Apex Legends und Battlefield. Das Unternehmen vermarktet und verkauft seine Spiele und Dienstleistungen über digitale Vertriebs- und Einzelhandelskanäle; und direkt an Großhändler, Fachgeschäfte und Vertriebsorganisationen. Electronic Arts Inc. wurde 1982 gegründet und hat seinen Hauptsitz in Redwood City, Kalifornien.",59.743587,21.720531,0.189,0.975,0.13803001,52925640704.0,,,,,,,,,,48430629.0,48430629.0,1.0,0.0,-1.0
Consumer & Retail,Gaming & Entertainment,NTDOY,12.46500015258789,22.889999389648438,10.180000305175781,"Nintendo Co., Ltd.","Nintendo Co., Ltd., together with its subsidiaries, develops, manufactures, and sells home entertainment products in Japan, the Americas, Europe, and internationally. It offers home console gaming hardware, software, accessories, and other products. The company also provides various services, such as Nintendo Switch Online; and content through mobile application. In addition, it offers develop IP, including video content and mobile apps. The company was formerly known as Nintendo Playing Card Co., Ltd. and changed its name to Nintendo Co., Ltd. in 1963. Nintendo Co., Ltd. was founded in 1889 and is headquartered in Kyoto, Japan.",21.49138,5.824766,-0.095,0.55,0.0,57482260480.0,0.13,-0.13,-0.11,13.05,13.35,-0.04,-0.07,False,False,123645.0,1691442.0,0.07,0.18,-0.64
